{"name":"a71aa045-ef45-4e2a-ad4b-06f976545d3e","id":"/providers/Microsoft.Flow/flows/a71aa045-ef45-4e2a-ad4b-06f976545d3e","type":"Microsoft.Flow/flows","properties":{"apiId":"/providers/Microsoft.PowerApps/apis/shared_logicflows","displayName":"Log_FTP_file","definition":{"metadata":{"workflowEntityId":null,"processAdvisorMetadata":null,"flowChargedByPaygo":null,"flowclientsuspensionreason":"None","flowclientsuspensiontime":null,"flowclientsuspensionreasondetails":null,"creator":{"id":"a6c0f28f-566b-4ea8-b246-d0da97af29a1","type":"User","tenantId":"47049324-c498-4be5-acf7-0154448a1107"},"provisioningMethod":"FromDefinition","failureAlertSubscription":true,"clientLastModifiedTime":"2025-09-09T10:30:38.5883584Z","connectionKeySavedTimeKey":"2025-09-09T10:30:38.5883584Z","creationSource":"Portal","modifiedSources":"Portal"},"$schema":"https://schema.management.azure.com/providers/Microsoft.Logic/schemas/2016-06-01/workflowdefinition.json#","contentVersion":"undefined","parameters":{"$connections":{"defaultValue":{},"type":"Object"},"$authentication":{"defaultValue":{},"type":"SecureObject"}},"triggers":{"Recurrence":{"recurrence":{"frequency":"Day","interval":1,"timeZone":"India Standard Time","schedule":{"hours":["1"]}},"metadata":{"operationMetadataId":"02121f7e-667b-45b8-a647-b37ead024d84"},"type":"Recurrence"}},"actions":{"Create_file":{"runAfter":{"Get_file_content":["Succeeded"]},"metadata":{"operationMetadataId":"480b8ba0-b9e5-4a70-b067-70facfc36e8d"},"type":"OpenApiConnection","inputs":{"host":{"apiId":"/providers/Microsoft.PowerApps/apis/shared_ftp","connectionName":"shared_ftp","operationId":"CreateFile"},"parameters":{"folderPath":"/Achyuth/MSTR_logFile/","name":"mstr_resendlog_@{formatDateTime(utcNow(), 'yyyy-MM-dd')}.xlsx ","body":"@body('Get_file_content')","ReadFileMetadataFromServer":true},"authentication":"@parameters('$authentication')"},"runtimeConfiguration":{"contentTransfer":{"transferMode":"Chunked"}}},"List_rows_present_in_a_table":{"runAfter":{"Initialize_variable":["Succeeded"]},"metadata":{"01PGNR44QSMUENONFTMBCLFV3QHFG6LOBN":"/Subscription Unique Key.xlsx","tableId":"{B55F7619-66F2-48BA-BA12-A85833342F1C}","operationMetadataId":"873eaa1a-4ec5-4e11-bff0-6de1c8eddc03"},"type":"OpenApiConnection","inputs":{"parameters":{"source":"me","drive":"b!BGzQLnTAhUy1XS1YevZKwgEmx2x8UbtBtR9gucm8osYCrKtF4cLhQZvJ1nIxtwbj","file":"01PGNR44QSMUENONFTMBCLFV3QHFG6LOBN","table":"{B55F7619-66F2-48BA-BA12-A85833342F1C}"},"host":{"apiId":"/providers/Microsoft.PowerApps/apis/shared_excelonlinebusiness","connectionName":"shared_excelonlinebusiness","operationId":"GetItems"},"authentication":"@parameters('$authentication')"}},"Initialize_variable":{"runAfter":{},"metadata":{"operationMetadataId":"f9939163-7632-4cd2-81cf-783e801dbf5b"},"type":"InitializeVariable","inputs":{"variables":[{"name":"MergeData","type":"array","value":[]}]}},"Select":{"runAfter":{"List_rows_present_in_a_table":["Succeeded"]},"metadata":{"operationMetadataId":"971b36a8-e4c6-458f-9072-dd0ee1849dc8"},"type":"Select","inputs":{"from":"@outputs('List_rows_present_in_a_table')?['body/value']","select":{"ReportName":"@item()?['ReportName']","UserName":"@item()?['UserName']","ResendCounter":"@item()?['ResendCounter']","Status":"@item()?['Status']","Schedule":"@item()?['Schedule']","LastProcessedTime":"@item()?['LastProcessedTime']"}}},"Apply_to_each":{"foreach":"@body('Select')","actions":{"Add_a_row_into_a_table":{"runAfter":{},"metadata":{"01PGNR44UIUL2BBHDKXVA2UL4ZNQ7QX6FU":"/Documents/Subscription_Logfile.xlsx","tableId":"{A5768635-4A08-4534-977E-8D22DC2C1AB3}","operationMetadataId":"d32bc912-bdb5-4014-9dc6-43fb70bfba53"},"type":"OpenApiConnection","inputs":{"parameters":{"source":"me","drive":"b!BGzQLnTAhUy1XS1YevZKwgEmx2x8UbtBtR9gucm8osYCrKtF4cLhQZvJ1nIxtwbj","file":"01PGNR44UIUL2BBHDKXVA2UL4ZNQ7QX6FU","table":"{A5768635-4A08-4534-977E-8D22DC2C1AB3}","item/Schedule":"@item()?['Schedule']","item/LastProcessedTime":"@item()?['LastProcessedTime']","item/ResendCounter":"@item()?['ResendCounter']","item/UserName":"@item()?['UserName']","item/Status":"@item()?['Status']","item/ReportName":"@replace(item()?['ReportName'], '\\n', ' ')"},"host":{"apiId":"/providers/Microsoft.PowerApps/apis/shared_excelonlinebusiness","connectionName":"shared_excelonlinebusiness","operationId":"AddRowV2"},"authentication":"@parameters('$authentication')"}}},"runAfter":{"Select":["Succeeded"]},"metadata":{"operationMetadataId":"c7dd445c-f037-4c19-940a-a82fbe53e903"},"type":"Foreach"},"Delay":{"runAfter":{"Apply_to_each":["Succeeded"]},"metadata":{"operationMetadataId":"df90424b-4642-4fa6-8e9a-70f7f629f15c"},"type":"Wait","inputs":{"interval":{"count":3,"unit":"Minute"}}},"Get_file_content":{"runAfter":{"Delay":["Succeeded"]},"metadata":{"b!BGzQLnTAhUy1XS1YevZKwgEmx2x8UbtBtR9gucm8osYCrKtF4cLhQZvJ1nIxtwbj.01PGNR44QNRRST672X7NC3L73OYPDVFBNK":"/Subscription Log.xlsx","b!BGzQLnTAhUy1XS1YevZKwgEmx2x8UbtBtR9gucm8osYCrKtF4cLhQZvJ1nIxtwbj.01PGNR44QSMUENONFTMBCLFV3QHFG6LOBN":"/Subscription Unique Key.xlsx","b!BGzQLnTAhUy1XS1YevZKwgEmx2x8UbtBtR9gucm8osYCrKtF4cLhQZvJ1nIxtwbj.01PGNR44UIUL2BBHDKXVA2UL4ZNQ7QX6FU":"/Documents/Subscription_Logfile.xlsx","operationMetadataId":"9bd18e70-57ff-4bbe-9dd2-886bfff7527d"},"type":"OpenApiConnection","inputs":{"host":{"apiId":"/providers/Microsoft.PowerApps/apis/shared_onedriveforbusiness","connectionName":"shared_onedriveforbusiness","operationId":"GetFileContent"},"parameters":{"id":"b!BGzQLnTAhUy1XS1YevZKwgEmx2x8UbtBtR9gucm8osYCrKtF4cLhQZvJ1nIxtwbj.01PGNR44UIUL2BBHDKXVA2UL4ZNQ7QX6FU","inferContentType":true},"authentication":"@parameters('$authentication')"}}}},"connectionReferences":{"shared_ftp":{"connectionName":"shared-ftp-25994423-036e-4890-b148-52eb580b4251","source":"Embedded","id":"/providers/Microsoft.PowerApps/apis/shared_ftp","tier":"NotSpecified","apiName":"ftp","isProcessSimpleApiReferenceConversionAlreadyDone":false},"shared_excelonlinebusiness":{"connectionName":"shared-excelonlinebu-cc8b0cbd-6d41-4b88-9779-2a41ab8f410d","source":"Embedded","id":"/providers/Microsoft.PowerApps/apis/shared_excelonlinebusiness","tier":"NotSpecified","apiName":"excelonlinebusiness","isProcessSimpleApiReferenceConversionAlreadyDone":false},"shared_onedriveforbusiness":{"connectionName":"shared-onedriveforbu-a598acf5-ed95-43ae-9bdf-84cc4dfe6fcc","source":"Embedded","id":"/providers/Microsoft.PowerApps/apis/shared_onedriveforbusiness","tier":"NotSpecified","apiName":"onedriveforbusiness","isProcessSimpleApiReferenceConversionAlreadyDone":false}},"flowFailureAlertSubscribed":false,"isManaged":false}}