{"name":"ee5f8c36-c570-490e-a804-775b253e6862","id":"/providers/Microsoft.Flow/flows/ee5f8c36-c570-490e-a804-775b253e6862","type":"Microsoft.Flow/flows","properties":{"apiId":"/providers/Microsoft.PowerApps/apis/shared_logicflows","displayName":"CMDMGR_Log","definition":{"metadata":{"workflowEntityId":null,"processAdvisorMetadata":null,"flowChargedByPaygo":null,"flowclientsuspensionreason":"None","flowclientsuspensiontime":null,"flowclientsuspensionreasondetails":null,"creator":{"id":"a6c0f28f-566b-4ea8-b246-d0da97af29a1","type":"User","tenantId":"47049324-c498-4be5-acf7-0154448a1107"},"provisioningMethod":"FromDefinition","failureAlertSubscription":true,"clientLastModifiedTime":"2025-08-12T12:23:05.8357808Z","connectionKeySavedTimeKey":"2025-09-09T02:31:02.9971924Z","creationSource":"Portal","modifiedSources":"Portal"},"$schema":"https://schema.management.azure.com/providers/Microsoft.Logic/schemas/2016-06-01/workflowdefinition.json#","contentVersion":"1.0.0.0","parameters":{"$authentication":{"defaultValue":{},"type":"SecureObject"},"$connections":{"defaultValue":{},"type":"Object"}},"triggers":{"When_a_file_is_modified_(properties_only)":{"recurrence":{"frequency":"Minute","interval":1},"splitOn":"@triggerOutputs()?['body']","metadata":{"b!BGzQLnTAhUy1XS1YevZKwgEmx2x8UbtBtR9gucm8osYCrKtF4cLhQZvJ1nIxtwbj.01PGNR44TYSNYHCSLO3RCLERSX26M5N5KH":"/Documents/Custom Office Templates","b!BGzQLnTAhUy1XS1YevZKwgEmx2x8UbtBtR9gucm8osYCrKtF4cLhQZvJ1nIxtwbj.01PGNR44XKCD2F4PXPNZH3S7YGXAZMSVJ5":"/Achyuth @ Zeta Global","b!BGzQLnTAhUy1XS1YevZKwgEmx2x8UbtBtR9gucm8osYCrKtF4cLhQZvJ1nIxtwbj.01PGNR44X3KUTGARV2CBDJEIU4AKSTZAPZ":"/Documents/Custom Office Templates/Log_file"},"type":"OpenApiConnection","inputs":{"parameters":{"folderId":"b!BGzQLnTAhUy1XS1YevZKwgEmx2x8UbtBtR9gucm8osYCrKtF4cLhQZvJ1nIxtwbj.01PGNR44X3KUTGARV2CBDJEIU4AKSTZAPZ"},"host":{"apiId":"/providers/Microsoft.PowerApps/apis/shared_onedriveforbusiness","connectionName":"shared_onedriveforbusiness","operationId":"OnUpdatedFilesV2"},"authentication":"@parameters('$authentication')"}}},"actions":{"Condition":{"actions":{"Get_file_content":{"type":"OpenApiConnection","inputs":{"parameters":{"id":"@triggerOutputs()?['body/Id']","inferContentType":true},"host":{"apiId":"/providers/Microsoft.PowerApps/apis/shared_onedriveforbusiness","connectionName":"shared_onedriveforbusiness","operationId":"GetFileContent"},"authentication":"@parameters('$authentication')"}},"FileText":{"runAfter":{"Get_file_content":["Succeeded"]},"type":"Compose","inputs":"@string(body('Get_file_content'))"},"LastLine":{"runAfter":{"FileText":["Succeeded"]},"type":"Compose","inputs":"@split(\r\n    last(\r\n        split(\r\n            replace(replace(replace(outputs('FileText'), '\\r\\n', '||'), '\\n', '||'), '\\r', '||'),\r\n            '||'\r\n        )\r\n    ),\r\n    ','\r\n)[0]\r\n"},"DateTime":{"runAfter":{"LastLine":["Succeeded"]},"type":"Compose","inputs":"@join(take(split(outputs('LastLine'), ' '), 2), ' ')"},"Status":{"runAfter":{"DateTime":["Succeeded"]},"type":"Compose","inputs":"@replace(split(outputs('LastLine'), ' ')[2], ':', '')"},"ReportName":{"runAfter":{"Status":["Succeeded"]},"type":"Compose","inputs":"@trim(split(outputs('LastLine'), '''')[1])"},"Add_a_row_into_a_table":{"runAfter":{"ReportName":["Succeeded"]},"metadata":{"01PGNR44QNRRST672X7NC3L73OYPDVFBNK":"/Subscription Log.xlsx","tableId":"{A1527743-99FF-49B4-9203-5A2DCF9ABE3F}"},"type":"OpenApiConnection","inputs":{"parameters":{"source":"me","drive":"b!BGzQLnTAhUy1XS1YevZKwgEmx2x8UbtBtR9gucm8osYCrKtF4cLhQZvJ1nIxtwbj","file":"01PGNR44QNRRST672X7NC3L73OYPDVFBNK","table":"{A1527743-99FF-49B4-9203-5A2DCF9ABE3F}","item/ReportName":"@outputs('ReportName')","item/Status":"@outputs('Status')","item/Timestamp":"@outputs('DateTime')"},"host":{"apiId":"/providers/Microsoft.PowerApps/apis/shared_excelonlinebusiness","connectionName":"shared_excelonlinebusiness","operationId":"AddRowV2"},"authentication":"@parameters('$authentication')"}},"Delay":{"runAfter":{"Add_a_row_into_a_table":["Succeeded"]},"type":"Wait","inputs":{"interval":{"count":200,"unit":"Second"}}}},"runAfter":{"Compose":["Succeeded"]},"else":{"actions":{}},"expression":{"and":[{"equals":["@triggerOutputs()?['body/NameNoExt']","subscription_log"]}]},"type":"If"},"Compose":{"runAfter":{},"type":"Compose","inputs":"@triggerOutputs()?['body/NameNoExt']"}},"outputs":{}},"connectionReferences":{"shared_onedriveforbusiness":{"connectionName":"shared-onedriveforbu-a598acf5-ed95-43ae-9bdf-84cc4dfe6fcc","source":"Embedded","id":"/providers/Microsoft.PowerApps/apis/shared_onedriveforbusiness","tier":"NotSpecified","apiName":"onedriveforbusiness","isProcessSimpleApiReferenceConversionAlreadyDone":false},"shared_excelonlinebusiness":{"connectionName":"shared-excelonlinebu-cc8b0cbd-6d41-4b88-9779-2a41ab8f410d","source":"Embedded","id":"/providers/Microsoft.PowerApps/apis/shared_excelonlinebusiness","tier":"NotSpecified","apiName":"excelonlinebusiness","isProcessSimpleApiReferenceConversionAlreadyDone":false}},"flowFailureAlertSubscribed":false,"isManaged":false}}