{"name":"77ec9151-90e9-45b1-a9dd-ec0b12c83100","id":"/providers/Microsoft.Flow/flows/77ec9151-90e9-45b1-a9dd-ec0b12c83100","type":"Microsoft.Flow/flows","properties":{"apiId":"/providers/Microsoft.PowerApps/apis/shared_logicflows","displayName":"Excel Cleanup","definition":{"metadata":{"workflowEntityId":null,"processAdvisorMetadata":null,"flowChargedByPaygo":null,"flowclientsuspensionreason":"None","flowclientsuspensiontime":null,"flowclientsuspensionreasondetails":null,"creator":{"id":"a6c0f28f-566b-4ea8-b246-d0da97af29a1","type":"User","tenantId":"47049324-c498-4be5-acf7-0154448a1107"},"provisioningMethod":"FromDefinition","failureAlertSubscription":true,"clientLastModifiedTime":"2025-08-13T13:49:50.1197303Z","connectionKeySavedTimeKey":"2025-09-07T10:10:04.1696969Z","creationSource":"Portal","modifiedSources":"Portal"},"$schema":"https://schema.management.azure.com/providers/Microsoft.Logic/schemas/2016-06-01/workflowdefinition.json#","contentVersion":"undefined","parameters":{"$authentication":{"defaultValue":{},"type":"SecureObject"},"$connections":{"defaultValue":{},"type":"Object"}},"triggers":{"Recurrence":{"recurrence":{"frequency":"Day","interval":"1","startTime":"2025-07-16T01:30:00.000Z"},"type":"Recurrence"}},"actions":{"List_rows_present_in_a_table":{"runAfter":{},"metadata":{"01PGNR44QSMUENONFTMBCLFV3QHFG6LOBN":"/Subscription Unique Key.xlsx","tableId":"{B55F7619-66F2-48BA-BA12-A85833342F1C}"},"type":"OpenApiConnection","inputs":{"parameters":{"source":"me","drive":"b!BGzQLnTAhUy1XS1YevZKwgEmx2x8UbtBtR9gucm8osYCrKtF4cLhQZvJ1nIxtwbj","file":"01PGNR44QSMUENONFTMBCLFV3QHFG6LOBN","table":"{B55F7619-66F2-48BA-BA12-A85833342F1C}"},"host":{"apiId":"/providers/Microsoft.PowerApps/apis/shared_excelonlinebusiness","connectionName":"shared_excelonlinebusiness","operationId":"GetItems"},"authentication":"@parameters('$authentication')"}},"Apply_to_each":{"foreach":"@body('List_rows_present_in_a_table')?['value']","actions":{"Delete_a_row":{"metadata":{"01PGNR44QSMUENONFTMBCLFV3QHFG6LOBN":"/Subscription Unique Key.xlsx","tableId":"{B55F7619-66F2-48BA-BA12-A85833342F1C}"},"type":"OpenApiConnection","inputs":{"parameters":{"source":"me","drive":"b!BGzQLnTAhUy1XS1YevZKwgEmx2x8UbtBtR9gucm8osYCrKtF4cLhQZvJ1nIxtwbj","file":"01PGNR44QSMUENONFTMBCLFV3QHFG6LOBN","table":"{B55F7619-66F2-48BA-BA12-A85833342F1C}","idColumn":"UniqueKey","id":"@item()?['UniqueKey']"},"host":{"apiId":"/providers/Microsoft.PowerApps/apis/shared_excelonlinebusiness","connectionName":"shared_excelonlinebusiness","operationId":"DeleteItem"},"authentication":"@parameters('$authentication')"}}},"runAfter":{"Compose":["Succeeded"]},"type":"Foreach"},"Compose":{"runAfter":{"List_rows_present_in_a_table":["Succeeded"]},"type":"Compose","inputs":"@length(body('List_rows_present_in_a_table')?['value'])"},"List_rows_present_in_a_table__Log":{"runAfter":{"Apply_to_each":["Succeeded"]},"metadata":{"01PGNR44QNRRST672X7NC3L73OYPDVFBNK":"/Subscription Log.xlsx","tableId":"{A1527743-99FF-49B4-9203-5A2DCF9ABE3F}"},"type":"OpenApiConnection","inputs":{"parameters":{"source":"me","drive":"b!BGzQLnTAhUy1XS1YevZKwgEmx2x8UbtBtR9gucm8osYCrKtF4cLhQZvJ1nIxtwbj","file":"01PGNR44QNRRST672X7NC3L73OYPDVFBNK","table":"{A1527743-99FF-49B4-9203-5A2DCF9ABE3F}"},"host":{"apiId":"/providers/Microsoft.PowerApps/apis/shared_excelonlinebusiness","connectionName":"shared_excelonlinebusiness","operationId":"GetItems"},"authentication":"@parameters('$authentication')"}},"Apply_to_each_1":{"foreach":"@outputs('List_rows_present_in_a_table__Log')?['body/value']","actions":{"Delete_a_row_1":{"metadata":{"01PGNR44QNRRST672X7NC3L73OYPDVFBNK":"/Subscription Log.xlsx","tableId":"{A1527743-99FF-49B4-9203-5A2DCF9ABE3F}"},"type":"OpenApiConnection","inputs":{"parameters":{"source":"me","drive":"b!BGzQLnTAhUy1XS1YevZKwgEmx2x8UbtBtR9gucm8osYCrKtF4cLhQZvJ1nIxtwbj","file":"01PGNR44QNRRST672X7NC3L73OYPDVFBNK","table":"{A1527743-99FF-49B4-9203-5A2DCF9ABE3F}","idColumn":"ReportName","id":"@item()?['ReportName']"},"host":{"apiId":"/providers/Microsoft.PowerApps/apis/shared_excelonlinebusiness","connectionName":"shared_excelonlinebusiness","operationId":"DeleteItem"},"authentication":"@parameters('$authentication')"}}},"runAfter":{"List_rows_present_in_a_table__Log":["Succeeded"]},"type":"Foreach"},"List_rows_present_in_a_table_new":{"runAfter":{"Apply_to_each_1":["Succeeded"]},"metadata":{"01PGNR44UIUL2BBHDKXVA2UL4ZNQ7QX6FU":"/Documents/Subscription_Logfile.xlsx","tableId":"{A5768635-4A08-4534-977E-8D22DC2C1AB3}"},"type":"OpenApiConnection","inputs":{"parameters":{"source":"me","drive":"b!BGzQLnTAhUy1XS1YevZKwgEmx2x8UbtBtR9gucm8osYCrKtF4cLhQZvJ1nIxtwbj","file":"01PGNR44UIUL2BBHDKXVA2UL4ZNQ7QX6FU","table":"{A5768635-4A08-4534-977E-8D22DC2C1AB3}"},"host":{"apiId":"/providers/Microsoft.PowerApps/apis/shared_excelonlinebusiness","connectionName":"shared_excelonlinebusiness","operationId":"GetItems"},"authentication":"@parameters('$authentication')"}},"Apply_to_each_2":{"foreach":"@outputs('List_rows_present_in_a_table_new')?['body/value']","actions":{"Delete_a_row_2":{"metadata":{"01PGNR44UIUL2BBHDKXVA2UL4ZNQ7QX6FU":"/Documents/Subscription_Logfile.xlsx"},"type":"OpenApiConnection","inputs":{"parameters":{"source":"me","drive":"b!BGzQLnTAhUy1XS1YevZKwgEmx2x8UbtBtR9gucm8osYCrKtF4cLhQZvJ1nIxtwbj","file":"01PGNR44UIUL2BBHDKXVA2UL4ZNQ7QX6FU","table":"{A5768635-4A08-4534-977E-8D22DC2C1AB3}","idColumn":"ReportName","id":"@item()?['ReportName']"},"host":{"apiId":"/providers/Microsoft.PowerApps/apis/shared_excelonlinebusiness","connectionName":"shared_excelonlinebusiness","operationId":"DeleteItem"},"authentication":"@parameters('$authentication')"}}},"runAfter":{"List_rows_present_in_a_table_new":["Succeeded"]},"type":"Foreach"}}},"connectionReferences":{"shared_excelonlinebusiness":{"connectionName":"shared-excelonlinebu-cc8b0cbd-6d41-4b88-9779-2a41ab8f410d","source":"Embedded","id":"/providers/Microsoft.PowerApps/apis/shared_excelonlinebusiness","tier":"NotSpecified","apiName":"excelonlinebusiness","isProcessSimpleApiReferenceConversionAlreadyDone":false}},"flowFailureAlertSubscribed":false,"isManaged":false}}