{"name":"23a31a03-b818-48f9-9661-152777a8871b","id":"/providers/Microsoft.Flow/flows/23a31a03-b818-48f9-9661-152777a8871b","type":"Microsoft.Flow/flows","properties":{"apiId":"/providers/Microsoft.PowerApps/apis/shared_logicflows","displayName":"Trigger MSTR","definition":{"metadata":{"workflowEntityId":null,"processAdvisorMetadata":null,"flowChargedByPaygo":null,"flowclientsuspensionreason":"None","flowclientsuspensiontime":null,"flowclientsuspensionreasondetails":"","creator":{"id":"a6c0f28f-566b-4ea8-b246-d0da97af29a1","type":"User","tenantId":"47049324-c498-4be5-acf7-0154448a1107"},"provisioningMethod":"FromDefinition","failureAlertSubscription":true,"clientLastModifiedTime":"2025-09-09T11:50:54.0402678Z","connectionKeySavedTimeKey":"2025-09-08T19:41:05.2320565Z","creationSource":"Portal","modifiedSources":"Portal"},"$schema":"https://schema.management.azure.com/providers/Microsoft.Logic/schemas/2016-06-01/workflowdefinition.json#","contentVersion":"1.0.0.0","parameters":{"$authentication":{"defaultValue":{},"type":"SecureObject"},"$connections":{"defaultValue":{},"type":"Object"}},"triggers":{"When_a_new_email_arrives_(V3)":{"splitOn":"@triggerOutputs()?['body/value']","metadata":{"Id::AAMkADBhOWRjMjA0LTZiODQtNGFjYi1iZDFiLThjM2Y0ZGViYTFmOAAuAAAAAABn4se4yi9HTZ7L4pk33eC5AQDO8xiQLyELRZCDAs0f4d0pAAD77seyAAA=":"Power Automate"},"type":"OpenApiConnectionNotification","inputs":{"parameters":{"to":"abudi@zetaglobal.com","includeAttachments":false,"subjectFilter":"FW: Failure, Email delivery notification: Report","importance":"Any","fetchOnlyWithAttachment":false,"folderPath":"Id::AAMkADBhOWRjMjA0LTZiODQtNGFjYi1iZDFiLThjM2Y0ZGViYTFmOAAuAAAAAABn4se4yi9HTZ7L4pk33eC5AQDO8xiQLyELRZCDAs0f4d0pAAD77seyAAA="},"host":{"apiId":"/providers/Microsoft.PowerApps/apis/shared_office365","connectionName":"shared_office365-1","operationId":"OnNewEmailV3"},"authentication":"@parameters('$authentication')"},"runtimeConfiguration":{"concurrency":{"runs":1}}}},"actions":{"List_rows_present_in_a_table":{"runAfter":{},"metadata":{"01PGNR44QSMUENONFTMBCLFV3QHFG6LOBN":"/Subscription Unique Key.xlsx","tableId":"{B55F7619-66F2-48BA-BA12-A85833342F1C}"},"type":"OpenApiConnection","inputs":{"parameters":{"source":"me","drive":"b!BGzQLnTAhUy1XS1YevZKwgEmx2x8UbtBtR9gucm8osYCrKtF4cLhQZvJ1nIxtwbj","file":"01PGNR44QSMUENONFTMBCLFV3QHFG6LOBN","table":"{B55F7619-66F2-48BA-BA12-A85833342F1C}"},"host":{"apiId":"/providers/Microsoft.PowerApps/apis/shared_excelonlinebusiness","connectionName":"shared_excelonlinebusiness","operationId":"GetItems"},"authentication":"@parameters('$authentication')"}},"Select_outFilterArray":{"runAfter":{"Filter_array":["Succeeded"]},"type":"Select","inputs":{"from":"@body('Filter_array')","select":{"LastProcessedTime":"@trim(item()?['LastProcessedTime'])"}}},"Filter_array":{"runAfter":{"Compose":["Succeeded"]},"type":"Query","inputs":{"from":"@body('List_rows_present_in_a_table')?['value']","where":"@equals(trim(item()?['Status']),'Success')"}},"Compose_SortArray":{"runAfter":{"Select_outFilterArray":["Succeeded"]},"type":"Compose","inputs":"@reverse(sort(body('Select_outFilterArray'), 'LastProcessedTime'))\r\n"},"Compose_LatestRow":{"runAfter":{"Compose_SortArray":["Succeeded"]},"type":"Compose","inputs":"@trim(first(outputs('Compose_SortArray'))?['LastProcessedTime'])"},"Filter_array_Latest":{"runAfter":{"Compose_LatestRow":["Succeeded"]},"type":"Query","inputs":{"from":"@body('Filter_array')","where":"@equals(item()?['LastProcessedTime'],outputs('Compose_LatestRow'))"}},"Compose":{"runAfter":{"List_rows_present_in_a_table":["Succeeded"]},"type":"Compose","inputs":"@body('List_rows_present_in_a_table')?['value']"},"Compose_KeyValue":{"runAfter":{"Filter_array_Latest":["Succeeded"]},"type":"Compose","inputs":"@first(body('Filter_array_Latest'))?['UniqueKey']"},"Compose_ExtractClient":{"runAfter":{"Compose_KeyValue":["Succeeded"]},"type":"Compose","inputs":"@if(\r\n  greaterOrEquals(length(split(outputs('Compose_KeyValue'), '~')), 2),\r\n  last(split(outputs('Compose_KeyValue'), '~')),\r\n  ''\r\n)\r\n"},"Compose_ExtractReportName":{"runAfter":{"Compose_ExtractClient":["Succeeded"]},"type":"Compose","inputs":"@if(\r\n  greaterOrEquals(length(split(outputs('Compose_KeyValue'), '~')), 2),\r\n  first(split(outputs('Compose_KeyValue'), '~')),\r\n  outputs('Compose_KeyValue')\r\n)"},"Send_an_email_notification_(V3)":{"runAfter":{"Delay_1":["Succeeded"]},"type":"OpenApiConnection","inputs":{"parameters":{"request/to":"dlanka@zetaglobal.com;sirala@zetaglobal.com;NNavuluri@zetaglobal.com;sdharmavarapu@zetaglobal.com;abudi@zetaglobal.com","request/subject":"MSTR_Subscription_Resend: @{outputs('Compose_KeyValue')}","request/text":"<p class=\"editor-paragraph\">Report Name: @{outputs('Compose_ExtractReportName')}</p><p class=\"editor-paragraph\">Sent Via : Command Manager</p>"},"host":{"apiId":"/providers/Microsoft.PowerApps/apis/shared_sendmail","connectionName":"shared_sendmail","operationId":"SendEmailV3"},"authentication":"@parameters('$authentication')"}},"Delay":{"runAfter":{"Compose_ExtractReportName":["Succeeded"]},"type":"Wait","inputs":{"interval":{"count":5,"unit":"Minute"}}},"Delay_1":{"runAfter":{"Create_file":["Succeeded"]},"type":"Wait","inputs":{"interval":{"count":30,"unit":"Second"}}},"Sanitize_ReportName":{"runAfter":{"Delay":["Succeeded"]},"type":"Compose","inputs":"@replace(replace(outputs('Compose_ExtractReportName'), '\\r', ''), '\\n', '')\r\n"},"Create_file":{"runAfter":{"Sanitize_ReportName":["Succeeded"]},"type":"OpenApiConnection","inputs":{"parameters":{"folderPath":"/Documents/Custom Office Templates","name":"MSTR.scp","body":"@concat(\r\n  'TRIGGER SUBSCRIPTION \"',\r\n  replace(\r\n      replace(outputs('Compose_ExtractReportName'), decodeUriComponent('%0A'), ' '),\r\n      decodeUriComponent('%0D'),\r\n      ' '\r\n  ),\r\n  '\" FOR PROJECT \"Standard Reports\";'\r\n)"},"host":{"apiId":"/providers/Microsoft.PowerApps/apis/shared_onedriveforbusiness","connectionName":"shared_onedriveforbusiness","operationId":"CreateFile"},"authentication":"@parameters('$authentication')"},"runtimeConfiguration":{"contentTransfer":{"transferMode":"Chunked"}}}},"outputs":{}},"connectionReferences":{"shared_office365-1":{"connectionName":"shared-office365-81233095-6a7b-4375-83da-7633922428ff","source":"Embedded","id":"/providers/Microsoft.PowerApps/apis/shared_office365","tier":"NotSpecified","apiName":"office365","isProcessSimpleApiReferenceConversionAlreadyDone":false},"shared_excelonlinebusiness":{"connectionName":"shared-excelonlinebu-cc8b0cbd-6d41-4b88-9779-2a41ab8f410d","source":"Embedded","id":"/providers/Microsoft.PowerApps/apis/shared_excelonlinebusiness","tier":"NotSpecified","apiName":"excelonlinebusiness","isProcessSimpleApiReferenceConversionAlreadyDone":false},"shared_sendmail":{"connectionName":"shared-sendmail-143a5782-797a-463f-9862-1cde7ca1ed46","source":"Embedded","id":"/providers/Microsoft.PowerApps/apis/shared_sendmail","tier":"NotSpecified","apiName":"sendmail","isProcessSimpleApiReferenceConversionAlreadyDone":false},"shared_onedriveforbusiness":{"connectionName":"shared-onedriveforbu-a598acf5-ed95-43ae-9bdf-84cc4dfe6fcc","source":"Embedded","id":"/providers/Microsoft.PowerApps/apis/shared_onedriveforbusiness","tier":"NotSpecified","apiName":"onedriveforbusiness","isProcessSimpleApiReferenceConversionAlreadyDone":false}},"flowFailureAlertSubscribed":false,"isManaged":false}}